"diagnosis","Mean_Smooth","Std_Dev_SM","Mean_Compact","Std_Dev_CP"
"B",0.0924776470588235,0.0134460773302741,0.0800846218487395,0.0337499545931426
"M",0.102898490566038,0.0126082355010583,0.145187783018868,0.0539874950527983
